Gene ID	Gene Name	Reference	Strand	Start	End	Coverage	FPKM	TPM
Rp1	Rp1	chr1	-	4290846	4409241	0.000000	0.000000	0.000000
Sox17	Sox17	chr1	-	4490928	4497354	0.424176	0.203352	0.215940
STRG.1	-	chr1	.	4492874	4493005	2.090909	1.002390	1.064444
STRG.2	-	chr1	.	4687884	4688140	2.108949	1.012904	1.075608
STRG.3	-	chr1	.	4738535	4738674	2.914286	1.407393	1.494519
STRG.4	-	chr1	.	4770920	4771688	3.085176	1.479980	1.571600
Xkr4	Xkr4	chr1	-	3214482	3671498	0.000000	0.000000	0.000000
Mrpl15	Mrpl15	chr1	-	4773200	4785726	20.518686	10.284913	10.921611
